name,pagerank
Tyrion-Lannister,31.147504636812506
Stannis-Baratheon,22.673378536497903
Tywin-Lannister,16.98289847327197
Theon-Greyjoy,15.318137451721729
Varys,13.354099185169625
Sansa-Stark,10.723693555092149
Wyman-Manderly,9.951911005443897
Jon-Snow,9.232543446945854
Robb-Stark,8.508761050347726
Tommen-Baratheon,7.819011585176401
